{ "results": [
	{
        "appIdentifier": "com.gsysk.fma",
        "appName": "FMA",
        "appVersion": "1.0",
        "channels": [
            "CHANNEL_5"
        ],
        "createdAt": "2015-04-09T14:15:14.745Z",
        "deviceToken": "APA91bHQnkoNaCfH3vNKAwQ5aXApi2S69JEpH3LvzVy4Y7xdNzvBnlFdUWXT98BiKEpa_W8r-MxDX_uhoL7cvWLx5Bu-oAim8qew9wSr9M9FIAv53XgRyubmFhAv5SBT4ST5azgOX-vu",
        "deviceTokenLastModified": 1428598930000,
        "deviceType": "android",
        "installationId": "9d67867c-8ea6-46aa-a5cd-232c1179d739",
        "objectId": "IFSu86vsql",
        "parseVersion": "1.9.0",
        "pushType": "gcm",
        "timeZone": "Asia/Kolkata",
        "updatedAt": "2015-04-09T17:05:51.208Z"
    },
	{
        "appIdentifier": "com.gsysk.fma",
        "appName": "FMA",
        "appVersion": "1.0",
        "channels": [
            "CHANNEL_5"
        ],
        "createdAt": "2015-04-20T15:53:10.525Z",
        "deviceToken": "APA91bFwAVoHZUhYcxicvwmHateeNJREBAcEQZkgDFd-csSnUtpuAOr3w3GeL8mENspxCWQ1fbDjq6Dnd24XsVioNBDklwwHyZDR44E3NKN11OHXOYGmeCRabklPzr63QRSne8yaxdn6",
        "deviceTokenLastModified": 1429900034000,
        "deviceType": "android",
        "installationId": "9af4d063-fc73-4683-a6dd-281ae22ae8c1",
        "objectId": "wcVnXZPdst",
        "parseVersion": "1.9.0",
        "pushType": "gcm",
        "timeZone": "Asia/Calcutta",
        "updatedAt": "2015-04-24T18:27:46.102Z"
    },
	{
        "appIdentifier": "com.gsysk.fma",
        "appName": "FMA",
        "appVersion": "1.0",
        "createdAt": "2015-04-23T19:15:23.378Z",
        "deviceToken": "APA91bFUDIAl2Mq_Xu0gagTj9uwPkPDzmpqkSmwUYhdhaHtZj60z5K71puqXlCOLSr2RlksXQXA-RAOCmYJcBQlOe1YOpPMa__clRwHW8UNrOkcGhXYfVFFHuQCXghVkrMb4Ff27dY7c",
        "deviceTokenLastModified": 1429816514000,
        "deviceType": "android",
        "installationId": "46bc33e3-3e4d-484f-a83a-8f928aef0b65",
        "objectId": "wMT8YslfTF",
        "parseVersion": "1.9.0",
        "pushType": "gcm",
        "timeZone": "Asia/Kolkata",
        "updatedAt": "2015-04-23T19:15:58.213Z"
    },
	{
        "appIdentifier": "com.gsysk.fma",
        "appName": "FMA",
        "appVersion": "1.0",
        "createdAt": "2015-04-23T19:22:19.548Z",
        "deviceToken": "APA91bGZtqGhDLGNlichK-fFc_-PmRgI2VOoByo6gvV019P2TmRXsfTBInbc5NU6Dvbh9HXa_2xoS-AW9_oGkklTEwkuETjmqpihOgcwLkdrXBSxJ1_lI3x7KmR0lSzbB4MNvQgEgpLp",
        "deviceTokenLastModified": 1429816929000,
        "deviceType": "android",
        "installationId": "89ec078b-3c68-4877-843f-bbeb8ea49349",
        "objectId": "LfotYFBusf",
        "parseVersion": "1.9.0",
        "pushType": "gcm",
        "timeZone": "Asia/Kolkata",
        "updatedAt": "2015-04-23T19:22:22.008Z"
    },
	{
        "appIdentifier": "com.gsysk.fma",
        "appName": "FMA",
        "appVersion": "1.0",
        "channels": [
            "CHANNEL_5"
        ],
        "createdAt": "2015-04-23T20:18:59.881Z",
        "deviceToken": "APA91bHpKGGtQFPMve4bC541OFF8RHKlLvPPZBjdTfnLL5DS8feAYcp5yaosjEWx_Nztwxc2Xs2jgW-lLyrEBnQZSN2oIaJpApIRTflkChnZTDyK2MUCfFfSOMUNjyX5XIWoQ4aczhOM",
        "deviceTokenLastModified": 1429820324000,
        "deviceType": "android",
        "installationId": "75d9b0a2-7226-4fad-ace6-d0d65b5b8121",
        "objectId": "ldWzboAlNE",
        "parseVersion": "1.9.0",
        "pushType": "gcm",
        "timeZone": "Asia/Kolkata",
        "updatedAt": "2015-04-23T20:24:16.097Z"
    },
	{
        "appIdentifier": "com.gsysk.fma",
        "appName": "FMA",
        "appVersion": "1.0",
        "channels": [
            "CHANNEL_5"
        ],
        "createdAt": "2015-04-25T19:43:50.458Z",
        "deviceToken": "APA91bGaijHsTueXfpDWTADpyUEApm3L592pPDBwghoKZ3LA95ibbbOp_Cn0XdElxXiWOmZ9JUkgjjN_QYQO9K3YYEGzmtKIRLrAPw5Q2GzEDjmrSEYvsVZwLVdaRKUqgbWoGlK2ml0W",
        "deviceTokenLastModified": 1429991013000,
        "deviceType": "android",
        "installationId": "bb004b1a-e739-4dab-ac91-21a84a84ce6a",
        "objectId": "mzr5Xz4z3w",
        "parseVersion": "1.9.0",
        "pushType": "gcm",
        "timeZone": "Asia/Kolkata",
        "updatedAt": "2015-04-25T19:44:30.497Z"
    }
] }