{ "results": [
	{
        "Name": "admin3",
        "adm_id": 3,
        "admin_id": "a3",
        "clusterAccess": [
            2
        ],
        "contact_no": "9875362473",
        "createdAt": "2015-03-13T18:22:21.583Z",
        "loginid": "8",
        "objectId": "pR40Z67sis",
        "updatedAt": "2015-04-08T06:37:01.350Z"
    },
	{
        "Name": "admin2",
        "adm_id": 2,
        "admin_id": "a2",
        "clusterAccess": [
            1
        ],
        "contact_no": "9880562698",
        "createdAt": "2015-03-13T18:21:59.357Z",
        "loginid": "7",
        "objectId": "pNEej4pDOo",
        "updatedAt": "2015-04-08T06:37:03.259Z"
    },
	{
        "Name": "admin",
        "adm_id": 1,
        "admin_id": "a1",
        "clusterAccess": [
            1
        ],
        "contact_no": "9844749819",
        "createdAt": "2015-03-03T05:44:04.620Z",
        "loginid": "3",
        "objectId": "zlTcpCZ4Qz",
        "updatedAt": "2015-04-09T19:29:31.245Z"
    },
	{
        "Name": "admin4",
        "adm_id": 4,
        "admin_id": "a4",
        "clusterAccess": [
            1,
            2
        ],
        "contact_no": "9208200101",
        "createdAt": "2015-03-14T18:22:32.771Z",
        "loginid": "9",
        "objectId": "wSkSamutER",
        "updatedAt": "2015-04-08T06:36:58.066Z"
    }
] }