{ "results": [
	{
        "a_id": [
            1,
            2,
            4
        ],
        "c_number": 1,
        "createdAt": "2015-03-29T15:33:55.080Z",
        "d_username": "amit",
        "droppoint_ids": [
            17,
            16,
            15
        ],
        "objectId": "5ED9DLLL4f",
        "route_id": "3",
        "updatedAt": "2015-03-29T16:36:11.074Z",
        "vehicle_id": "1"
    },
	{
        "a_id": [
            1,
            2,
            4
        ],
        "c_number": 1,
        "createdAt": "2015-03-29T15:33:52.466Z",
        "d_username": "gautham",
        "droppoint_ids": [
            22,
            21
        ],
        "objectId": "Ck5MNepPIc",
        "route_id": "2",
        "updatedAt": "2015-03-29T16:36:26.725Z",
        "vehicle_id": "2"
    },
	{
        "a_id": [
            1,
            2,
            4
        ],
        "c_number": 1,
        "createdAt": "2015-03-29T15:33:50.133Z",
        "d_username": "satish",
        "droppoint_ids": [
            25,
            20,
            14,
            19
        ],
        "objectId": "4vXn0D0OAW",
        "route_id": "1",
        "updatedAt": "2015-03-29T16:36:28.820Z",
        "vehicle_id": "3"
    }
] }