{ "results": [
	{
        "Name": "Bangalore South",
        "Number": 1,
        "Routes": [
            1,
            2,
            3
        ],
        "Source": "Silk Board",
        "createdAt": "2015-03-13T18:19:37.594Z",
        "objectId": "ZtcwZZOrvA",
        "updatedAt": "2015-03-14T17:34:33.622Z"
    },
	{
        "Name": "Bangalore North",
        "Number": 2,
        "Routes": [
            5,
            7
        ],
        "Source": "Hebbal",
        "createdAt": "2015-03-12T19:20:10.778Z",
        "objectId": "y6iyJYiISj",
        "updatedAt": "2015-03-14T20:21:58.592Z"
    }
] }