{ "results": [
	{
        "Name": "Satish",
        "Number": 9538568319,
        "PhoneNumber": "9538568319",
        "admin_ids": [
            3,
            4
        ],
        "cluster_id": 2,
        "createdAt": "2015-02-12T14:17:12.318Z",
        "driver_id": 1,
        "loginid": "2",
        "objectId": "cKXjZV3GDf",
        "r_droppoints": [
            2,
            1
        ],
        "route_id": "7",
        "updatedAt": "2015-04-26T06:24:23.767Z",
        "users": [
            6,
            5
        ],
        "v_id": 1
    },
	{
        "Name": "Amit",
        "Number": 70070070,
        "PhoneNumber": "007007007",
        "admin_ids": [
            3,
            4
        ],
        "cluster_id": 2,
        "createdAt": "2015-03-14T20:02:40.960Z",
        "driver_id": 3,
        "loginid": "10",
        "objectId": "1zcueoRoay",
        "r_droppoints": [
            9,
            26
        ],
        "route_id": "5",
        "updatedAt": "2015-04-18T03:55:04.661Z",
        "users": [
            7,
            8
        ],
        "v_id": 3
    },
	{
        "Name": "Ganesh",
        "Number": 9538568319,
        "PhoneNumber": "9538568319",
        "admin_ids": [
            1,
            2,
            4
        ],
        "cluster_id": 1,
        "createdAt": "2015-03-31T14:45:13.600Z",
        "driver_id": 4,
        "loginid": "11",
        "objectId": "pZv0vtj5Kt",
        "r_droppoints": [
            17,
            16,
            15
        ],
        "route_id": "1",
        "updatedAt": "2015-04-26T06:27:33.714Z",
        "users": [
            4,
            1,
            10
        ],
        "v_id": 4
    },
	{
        "Name": "Gautham",
        "Number": 9880562698,
        "PhoneNumber": "9880562698",
        "admin_ids": [
            1,
            2,
            4
        ],
        "cluster_id": 1,
        "createdAt": "2015-02-12T14:16:48.034Z",
        "driver_id": 2,
        "loginid": "4",
        "objectId": "iWxAZDeXLF",
        "r_droppoints": [
            22,
            21
        ],
        "route_id": "2",
        "updatedAt": "2015-04-26T06:24:26.326Z",
        "users": [
            2,
            12
        ],
        "v_id": 2
    },
	{
        "Name": "Nitesh",
        "Number": 9880562698,
        "PhoneNumber": "9880562698",
        "admin_ids": [
            1,
            2,
            4
        ],
        "cluster_id": 1,
        "createdAt": "2015-03-31T15:21:13.603Z",
        "driver_id": 5,
        "loginid": "12",
        "objectId": "8g8mnvuhen",
        "r_droppoints": [
            25,
            20,
            14,
            19
        ],
        "route_id": "3",
        "updatedAt": "2015-04-26T06:27:46.036Z",
        "users": [
            13,
            11,
            9,
            3
        ],
        "v_id": 5
    }
] }