{ "results": [
	{
        "Latitude": 12.979739,
        "Longitude": 77.570955,
        "Name": "Majestic",
        "Route": "5",
        "SequenceNum": 2,
        "Status": "Not Delivered",
        "createdAt": "2015-03-15T04:51:13.231Z",
        "droppoint_id": "d26",
        "drpnt_id": 26,
        "objectId": "on8ZzIvzvk",
        "updatedAt": "2015-04-14T07:36:41.516Z"
    },
	{
        "Latitude": 12.844961,
        "Longitude": 77.663585,
        "Name": "IIITB",
        "Route": "3",
        "SequenceNum": 1,
        "Status": "Delivered",
        "createdAt": "2015-03-03T17:20:09.217Z",
        "droppoint_id": "d25",
        "drpnt_id": 25,
        "objectId": "GCcLVE2ugV",
        "updatedAt": "2015-04-20T19:16:51.438Z"
    },
	{
        "Latitude": 13.10207,
        "Longitude": 77.586286,
        "Name": "Yelahanka Satellite Town",
        "Route": "7",
        "SequenceNum": 2,
        "Status": "Not Delivered",
        "createdAt": "2015-03-13T20:59:35.894Z",
        "droppoint_id": "d1",
        "drpnt_id": 1,
        "objectId": "7XWXj1MQrG",
        "updatedAt": "2015-04-24T20:22:56.402Z"
    },
	{
        "Latitude": 13.073353,
        "Longitude": 77.592594,
        "Name": "Jakkur",
        "Route": "7",
        "SequenceNum": 1,
        "Status": "Delivered",
        "createdAt": "2015-03-13T20:59:27.199Z",
        "droppoint_id": "d2",
        "drpnt_id": 2,
        "objectId": "iZKNvoPbGQ",
        "updatedAt": "2015-04-24T20:29:54.134Z"
    },
	{
        "Latitude": 13.022939,
        "Longitude": 77.584409,
        "Name": "Ganganagar",
        "Route": "5",
        "SequenceNum": 1,
        "Status": "Delivered",
        "createdAt": "2015-03-13T20:40:41.317Z",
        "droppoint_id": "d9",
        "drpnt_id": 9,
        "objectId": "NP2lKtwhwX",
        "updatedAt": "2015-04-26T07:13:48.338Z"
    },
	{
        "Latitude": 13.041665,
        "Longitude": 77.589891,
        "Name": "Hebbal",
        "Route": "0",
        "SequenceNum": 0,
        "Status": "Supply",
        "createdAt": "2015-03-13T20:29:53.493Z",
        "droppoint_id": "d13",
        "drpnt_id": 13,
        "objectId": "7dMoyalfvc",
        "updatedAt": "2015-04-09T17:20:29.373Z"
    },
	{
        "Latitude": 12.847243,
        "Longitude": 77.588217,
        "Name": "Weaver's Colony",
        "Route": "3",
        "SequenceNum": 3,
        "Status": "Delivered",
        "createdAt": "2015-03-13T20:23:34.868Z",
        "droppoint_id": "d14",
        "drpnt_id": 14,
        "objectId": "70PSlzmrMA",
        "updatedAt": "2015-04-26T07:13:06.982Z"
    },
	{
        "Latitude": 12.925657,
        "Longitude": 77.590929,
        "Name": "Jayanagar",
        "Route": "1",
        "SequenceNum": 2,
        "Status": "Not Delivered",
        "createdAt": "2015-03-13T20:10:12.484Z",
        "droppoint_id": "d16",
        "drpnt_id": 16,
        "objectId": "gFflHVwdAG",
        "updatedAt": "2015-04-24T20:39:04.853Z"
    },
	{
        "Latitude": 12.895881,
        "Longitude": 77.475754,
        "Name": "Kengeri",
        "Route": "3",
        "SequenceNum": 4,
        "Status": "Delivered",
        "createdAt": "2015-03-03T17:49:39.122Z",
        "droppoint_id": "d19",
        "drpnt_id": 19,
        "objectId": "oC0wfoNn0k",
        "updatedAt": "2015-04-25T07:24:56.933Z"
    },
	{
        "Latitude": 12.841674,
        "Longitude": 77.645041,
        "Name": "Uniworld",
        "Route": "3",
        "SequenceNum": 2,
        "Status": "Delivered",
        "createdAt": "2015-03-03T17:47:17.114Z",
        "droppoint_id": "d20",
        "drpnt_id": 20,
        "objectId": "2znJAT3DZR",
        "updatedAt": "2015-04-20T19:17:02.174Z"
    },
	{
        "Latitude": 12.88637,
        "Longitude": 77.562817,
        "Name": "Konanakunte",
        "Route": "1",
        "SequenceNum": 3,
        "Status": "Not Delivered",
        "createdAt": "2015-03-13T20:13:50.828Z",
        "droppoint_id": "d15",
        "drpnt_id": 15,
        "objectId": "9fG9oGfupZ",
        "updatedAt": "2015-04-24T20:40:37.354Z"
    },
	{
        "Latitude": 12.947707,
        "Longitude": 77.597098,
        "Name": "Wilson Garden",
        "Route": "1",
        "SequenceNum": 1,
        "Status": "Not Delivered",
        "createdAt": "2015-03-13T20:09:00.783Z",
        "droppoint_id": "d17",
        "drpnt_id": 17,
        "objectId": "hA1EpdV8Tg",
        "updatedAt": "2015-04-15T16:32:12.272Z"
    },
	{
        "Latitude": 12.996514,
        "Longitude": 77.668431,
        "Name": "Tin Factory",
        "Route": "2",
        "SequenceNum": 2,
        "Status": "Not Delivered",
        "createdAt": "2015-03-03T17:44:13.590Z",
        "droppoint_id": "d21",
        "drpnt_id": 21,
        "objectId": "xqfYjzvPxx",
        "updatedAt": "2015-04-14T07:37:51.167Z"
    },
	{
        "Latitude": 12.957496,
        "Longitude": 77.70124,
        "Name": "Marathahalli",
        "Route": "2",
        "SequenceNum": 1,
        "Status": "Delivered",
        "createdAt": "2015-03-03T17:42:30.607Z",
        "droppoint_id": "d22",
        "drpnt_id": 22,
        "objectId": "CvI5yP2T7S",
        "updatedAt": "2015-04-24T20:48:27.131Z"
    },
	{
        "Latitude": 12.916832,
        "Longitude": 77.623488,
        "Name": "Silk Board",
        "Route": "0",
        "SequenceNum": 0,
        "Status": "Supply",
        "createdAt": "2015-03-03T17:32:11.000Z",
        "droppoint_id": "d24",
        "drpnt_id": 24,
        "objectId": "7GXdlX53BA",
        "updatedAt": "2015-04-09T19:01:54.498Z"
    }
] }