{ "results": [
	{
        "createdAt": "2015-04-06T19:33:23.075Z",
        "objectId": "APiZh8aofO",
        "updatedAt": "2015-04-06T19:33:23.075Z",
        "value": 3
    },
	{
        "createdAt": "2015-04-06T19:33:24.814Z",
        "objectId": "r9XSKsQDJe",
        "updatedAt": "2015-04-06T19:33:24.814Z",
        "value": 6
    },
	{
        "createdAt": "2015-04-06T19:33:26.205Z",
        "objectId": "h5JOT5h1RV",
        "updatedAt": "2015-04-06T19:33:26.205Z",
        "value": 5
    },
	{
        "createdAt": "2015-04-06T19:33:28.703Z",
        "objectId": "wHzx2n47VZ",
        "updatedAt": "2015-04-06T19:33:28.703Z",
        "value": 9
    },
	{
        "createdAt": "2015-04-06T19:33:31.358Z",
        "objectId": "0flgiasBT6",
        "updatedAt": "2015-04-06T19:33:31.358Z",
        "value": 7
    }
] }