{ "results": [
	{
        "Role": "user",
        "createdAt": "2015-03-03T05:33:47.798Z",
        "loginid": "1",
        "objectId": "8Ian63IikQ",
        "password": "santosh",
        "updatedAt": "2015-04-08T14:00:56.334Z",
        "username": "Santosh"
    },
	{
        "Role": "driver",
        "createdAt": "2015-03-03T05:32:58.256Z",
        "loginid": "2",
        "objectId": "eAz1UorhGB",
        "password": "satish",
        "updatedAt": "2015-04-08T14:00:51.763Z",
        "username": "Satish"
    },
	{
        "Role": "admin",
        "createdAt": "2015-03-03T05:32:42.902Z",
        "loginid": "3",
        "objectId": "9IBA564s27",
        "password": "admin",
        "updatedAt": "2015-03-12T06:06:22.095Z",
        "username": "admin"
    },
	{
        "Role": "driver",
        "createdAt": "2015-03-03T05:48:04.318Z",
        "loginid": "4",
        "objectId": "09v1yygRhJ",
        "password": "gautham",
        "updatedAt": "2015-04-08T14:01:00.158Z",
        "username": "Gautham"
    },
	{
        "Role": "user",
        "createdAt": "2015-03-03T05:49:23.234Z",
        "loginid": "5",
        "objectId": "tGCd2qds64",
        "password": "nirmal",
        "updatedAt": "2015-04-08T14:01:04.722Z",
        "username": "Nirmal"
    },
	{
        "Role": "user",
        "createdAt": "2015-03-03T05:50:03.886Z",
        "loginid": "6",
        "objectId": "jGDFbdcPGI",
        "password": "avinash",
        "updatedAt": "2015-04-08T14:01:08.070Z",
        "username": "Avinash"
    },
	{
        "Role": "admin",
        "createdAt": "2015-03-13T18:14:37.138Z",
        "loginid": "7",
        "objectId": "JV6RWdoTsn",
        "password": "admin2",
        "updatedAt": "2015-03-13T18:14:58.507Z",
        "username": "admin2"
    },
	{
        "Role": "admin",
        "createdAt": "2015-03-13T18:15:07.915Z",
        "loginid": "8",
        "objectId": "hlKsrlRtkO",
        "password": "admin3",
        "updatedAt": "2015-03-13T20:55:37.272Z",
        "username": "admin3"
    },
	{
        "Role": "admin",
        "createdAt": "2015-03-14T18:23:04.155Z",
        "loginid": "9",
        "objectId": "GkQTrHyGOS",
        "password": "admin4",
        "updatedAt": "2015-03-14T18:23:11.818Z",
        "username": "admin4"
    },
	{
        "Role": "driver",
        "createdAt": "2015-03-14T20:03:23.732Z",
        "loginid": "10",
        "objectId": "0e3faQkenW",
        "password": "amit",
        "updatedAt": "2015-04-26T07:10:03.032Z",
        "username": "Amit"
    },
	{
        "Role": "driver",
        "createdAt": "2015-03-31T14:45:49.124Z",
        "loginid": "11",
        "objectId": "gIXZBAoLmp",
        "password": "ganesh",
        "updatedAt": "2015-04-08T13:45:49.117Z",
        "username": "Ganesh"
    },
	{
        "Role": "driver",
        "createdAt": "2015-03-31T14:46:29.849Z",
        "loginid": "12",
        "objectId": "PDJ6puPHWL",
        "password": "nitesh",
        "updatedAt": "2015-04-08T13:45:52.238Z",
        "username": "Nitesh"
    },
	{
        "Role": "driver",
        "createdAt": "2015-03-31T14:47:22.575Z",
        "loginid": "13",
        "objectId": "JI7Pe4hGlq",
        "password": "driver3",
        "updatedAt": "2015-03-31T14:47:38.827Z",
        "username": "driver3"
    },
	{
        "Role": "driver",
        "createdAt": "2015-03-31T14:48:34.051Z",
        "loginid": "14",
        "objectId": "35b3eSENyr",
        "password": "driver4",
        "updatedAt": "2015-03-31T14:48:56.782Z",
        "username": "driver4"
    },
	{
        "Role": "driver",
        "createdAt": "2015-03-31T14:49:08.536Z",
        "loginid": "15",
        "objectId": "iMMqiBUGxE",
        "password": "driver5",
        "updatedAt": "2015-03-31T14:49:28.105Z",
        "username": "driver5"
    },
	{
        "Role": "user",
        "createdAt": "2015-03-31T17:48:21.508Z",
        "loginid": "16",
        "objectId": "DonEWQxN8X",
        "password": "abhishek",
        "updatedAt": "2015-04-08T13:47:03.432Z",
        "username": "Abhishek"
    },
	{
        "Role": "user",
        "createdAt": "2015-03-31T17:49:54.095Z",
        "loginid": "17",
        "objectId": "agrJCbdxaP",
        "password": "suraj",
        "updatedAt": "2015-04-08T13:59:01.453Z",
        "username": "Suraj"
    },
	{
        "Role": "user",
        "createdAt": "2015-04-08T13:57:54.798Z",
        "loginid": "19",
        "objectId": "LXGJ3cEnC6",
        "password": "hemanth",
        "updatedAt": "2015-04-08T14:00:13.748Z",
        "username": "Hemanth"
    },
	{
        "Role": "user",
        "createdAt": "2015-04-08T13:58:02.188Z",
        "loginid": "20",
        "objectId": "IOBPx5Cvxj",
        "password": "rajeev",
        "updatedAt": "2015-04-08T14:00:15.372Z",
        "username": "Rajeev"
    },
	{
        "Role": "user",
        "createdAt": "2015-04-08T13:57:49.982Z",
        "loginid": "18",
        "objectId": "vd67g7pwKM",
        "password": "yuvraj",
        "updatedAt": "2015-04-08T14:00:12.044Z",
        "username": "Yuvraj"
    },
	{
        "Role": "user",
        "createdAt": "2015-04-08T13:58:05.802Z",
        "loginid": "21",
        "objectId": "PfHOHGpz3j",
        "password": "shivang",
        "updatedAt": "2015-04-08T14:00:17.464Z",
        "username": "Shivang"
    },
	{
        "Role": "user",
        "createdAt": "2015-04-08T13:58:20.555Z",
        "loginid": "22",
        "objectId": "qMgqqTATur",
        "password": "gaurav",
        "updatedAt": "2015-04-08T14:00:20.320Z",
        "username": "Gaurav"
    },
	{
        "Role": "user",
        "createdAt": "2015-04-08T13:58:37.159Z",
        "loginid": "23",
        "objectId": "3TV5nV9gCd",
        "password": "abel",
        "updatedAt": "2015-04-08T14:00:22.525Z",
        "username": "Abel"
    },
	{
        "Role": "user",
        "createdAt": "2015-04-08T13:58:43.675Z",
        "loginid": "24",
        "objectId": "t08sud9FNm",
        "password": "tony",
        "updatedAt": "2015-04-08T14:00:24.079Z",
        "username": "Tony"
    },
	{
        "Role": "user",
        "createdAt": "2015-04-08T13:58:52.941Z",
        "loginid": "25",
        "objectId": "Qr3i9j3ZMr",
        "password": "pratesh",
        "updatedAt": "2015-04-08T14:00:29.817Z",
        "username": "Pratesh"
    }
] }