{ "results": [
	{
        "createdAt": "2015-03-14T20:02:15.424Z",
        "d_username": "satish",
        "driver_id": 3,
        "objectId": "EZfjUbU3xH",
        "route_id": "r3",
        "updatedAt": "2015-03-29T14:30:24.360Z",
        "vehicle_id": 3
    },
	{
        "createdAt": "2015-03-14T20:00:05.137Z",
        "d_username": "gautham",
        "driver_id": 2,
        "objectId": "glSwXQtD2I",
        "route_id": "r2",
        "updatedAt": "2015-03-29T14:30:28.182Z",
        "vehicle_id": 2
    },
	{
        "createdAt": "2015-03-14T19:32:33.761Z",
        "d_username": "amit",
        "driver_id": 1,
        "objectId": "mYGlAKosXq",
        "route_id": "r1",
        "updatedAt": "2015-03-29T14:30:30.726Z",
        "vehicle_id": 1
    }
] }