{ "results": [
	{
        "DropPoints": [
            9,
            26
        ],
        "Name": "Route5",
        "Source": "7dMoyalfvc",
        "createdAt": "2015-03-30T07:45:21.137Z",
        "objectId": "uhhvsdTsDO",
        "route_id": "5",
        "updatedAt": "2015-04-26T05:34:12.600Z"
    },
	{
        "DropPoints": [
            2,
            1
        ],
        "Name": "Route7",
        "Source": "7dMoyalfvc",
        "createdAt": "2015-03-30T07:45:25.905Z",
        "objectId": "TXbclOxtJp",
        "route_id": "7",
        "updatedAt": "2015-04-26T05:34:16.737Z"
    },
	{
        "DropPoints": [
            25,
            20,
            14,
            19
        ],
        "Name": "Route3",
        "Source": "7GXdlX53BA",
        "createdAt": "2015-03-04T06:59:44.094Z",
        "objectId": "DKmDA3YeTa",
        "route_id": "3",
        "updatedAt": "2015-04-10T06:57:28.175Z"
    },
	{
        "DropPoints": [
            22,
            21
        ],
        "Name": "Route2",
        "Source": "7GXdlX53BA",
        "createdAt": "2015-03-04T06:57:33.780Z",
        "objectId": "PwrPwAg0b2",
        "route_id": "2",
        "updatedAt": "2015-04-15T16:45:54.259Z"
    },
	{
        "DropPoints": [
            17,
            16,
            15
        ],
        "Name": "Route1",
        "Source": "7GXdlX53BA",
        "createdAt": "2015-03-04T06:57:28.314Z",
        "objectId": "VsunpjRX3f",
        "route_id": "1",
        "updatedAt": "2015-04-13T18:27:39.203Z"
    }
] }