{ "results": [
	{
        "createdAt": "2015-03-03T13:19:13.349Z",
        "foo": "bar",
        "objectId": "ENvB5ZGge7",
        "updatedAt": "2015-03-03T13:19:13.349Z"
    },
	{
        "createdAt": "2015-03-04T08:14:08.015Z",
        "foo": "bar",
        "objectId": "KCQkDKC2va",
        "updatedAt": "2015-03-04T08:14:08.015Z"
    },
	{
        "createdAt": "2015-03-04T10:47:26.854Z",
        "foo": "bar",
        "objectId": "lIz0efBs58",
        "updatedAt": "2015-03-04T10:47:26.854Z"
    },
	{
        "createdAt": "2015-03-15T02:46:16.243Z",
        "foo": "bar",
        "objectId": "ONvcwpwYlq",
        "updatedAt": "2015-03-15T02:46:16.243Z"
    },
	{
        "createdAt": "2015-03-23T19:09:15.261Z",
        "foo": "bar",
        "objectId": "Bfhn6e6APQ",
        "updatedAt": "2015-03-23T19:09:15.261Z"
    },
	{
        "createdAt": "2015-03-23T19:09:38.546Z",
        "foo": "bar",
        "objectId": "rN9h693HU0",
        "updatedAt": "2015-03-23T19:09:38.546Z"
    },
	{
        "createdAt": "2015-03-23T19:11:31.419Z",
        "foo": "bar",
        "objectId": "KIbD9sDe5G",
        "updatedAt": "2015-03-23T19:11:31.419Z"
    },
	{
        "createdAt": "2015-03-25T15:41:33.450Z",
        "foo": "bar",
        "objectId": "f9aYiop1yz",
        "updatedAt": "2015-03-25T15:41:33.450Z"
    }
] }