{ "results": [
	{
        "Name": "Nirmal",
        "PhoneNo": 8904001511,
        "PhoneNumber": "8904001511",
        "adm_id": [
            1,
            2,
            4
        ],
        "c_number": 1,
        "createdAt": "2015-02-12T14:15:23.915Z",
        "d_id": 4,
        "drppnt_id": 16,
        "loginid": "5",
        "objectId": "pABnM7tddr",
        "u_idno": 1,
        "updatedAt": "2015-04-26T05:52:43.175Z",
        "v_id": 4
    },
	{
        "Name": "Santosh",
        "PhoneNo": 9164682393,
        "PhoneNumber": "9164682393",
        "adm_id": [
            1,
            2,
            4
        ],
        "c_number": 1,
        "createdAt": "2015-02-12T14:14:51.518Z",
        "d_id": 2,
        "drppnt_id": 22,
        "loginid": "1",
        "objectId": "XmO9vQIopn",
        "u_idno": 2,
        "updatedAt": "2015-04-26T05:45:48.614Z",
        "v_id": 2
    },
	{
        "Name": "Avinash",
        "PhoneNo": 9916043922,
        "PhoneNumber": "9916043922",
        "adm_id": [
            1,
            2,
            4
        ],
        "c_number": 1,
        "createdAt": "2015-02-12T14:14:32.724Z",
        "d_id": 5,
        "drppnt_id": 19,
        "loginid": "6",
        "objectId": "Ohi8iLO47S",
        "u_idno": 3,
        "updatedAt": "2015-04-26T05:53:29.995Z",
        "v_id": 5
    },
	{
        "Name": "Abhishek",
        "PhoneNo": 9538568319,
        "PhoneNumber": "9538568319",
        "adm_id": [
            1,
            2,
            4
        ],
        "c_number": 1,
        "createdAt": "2015-03-31T17:33:46.933Z",
        "d_id": 4,
        "drppnt_id": 17,
        "loginid": "16",
        "objectId": "I4NMGX1D4j",
        "u_idno": 4,
        "updatedAt": "2015-04-26T05:52:45.643Z",
        "v_id": 4
    },
	{
        "Name": "Suraj",
        "PhoneNo": 8937656123,
        "PhoneNumber": "8937656123",
        "adm_id": [
            3,
            4
        ],
        "c_number": 2,
        "createdAt": "2015-04-08T13:41:55.639Z",
        "d_id": 1,
        "drppnt_id": 1,
        "loginid": "17",
        "objectId": "oVqxyBYkxi",
        "u_idno": 5,
        "updatedAt": "2015-04-26T05:43:46.596Z",
        "v_id": 1
    },
	{
        "Name": "Gaurav",
        "PhoneNo": 9875612341,
        "PhoneNumber": "9875612341",
        "adm_id": [
            1,
            2,
            4
        ],
        "c_number": 1,
        "createdAt": "2015-04-08T14:11:43.250Z",
        "d_id": 4,
        "drppnt_id": 15,
        "loginid": "22",
        "objectId": "V4HKg8kcWa",
        "u_idno": 10,
        "updatedAt": "2015-04-26T05:52:41.466Z",
        "v_id": 4
    },
	{
        "Name": "Abel",
        "PhoneNo": 9856145238,
        "PhoneNumber": "9856145238",
        "adm_id": [
            1,
            2,
            4
        ],
        "c_number": 1,
        "createdAt": "2015-04-08T14:12:13.416Z",
        "d_id": 5,
        "drppnt_id": 20,
        "loginid": "23",
        "objectId": "CTmOdKtKfA",
        "u_idno": 11,
        "updatedAt": "2015-04-26T05:53:36.818Z",
        "v_id": 5
    },
	{
        "Name": "Tony",
        "PhoneNo": 9728917930,
        "PhoneNumber": "9728917930",
        "adm_id": [
            1,
            2,
            4
        ],
        "c_number": 1,
        "createdAt": "2015-04-08T14:12:56.021Z",
        "d_id": 2,
        "drppnt_id": 21,
        "loginid": "24",
        "objectId": "WnuWB2Fjt2",
        "u_idno": 12,
        "updatedAt": "2015-04-26T05:45:45.649Z",
        "v_id": 2
    },
	{
        "Name": "Yuvraj",
        "PhoneNo": 7836712829,
        "PhoneNumber": "7836712829",
        "adm_id": [
            3,
            4
        ],
        "c_number": 2,
        "createdAt": "2015-04-08T14:09:42.056Z",
        "d_id": 3,
        "drppnt_id": 26,
        "loginid": "18",
        "objectId": "4qUT3wlXy5",
        "u_idno": 8,
        "updatedAt": "2015-04-26T05:46:12.023Z",
        "v_id": 3
    },
	{
        "Name": "Rajeev",
        "PhoneNo": 8976112345,
        "PhoneNumber": "8976112345",
        "adm_id": [
            3,
            4
        ],
        "c_number": 2,
        "createdAt": "2015-04-08T14:08:33.237Z",
        "d_id": 3,
        "drppnt_id": 9,
        "loginid": "20",
        "objectId": "58zHWd3eLi",
        "u_idno": 7,
        "updatedAt": "2015-04-26T05:46:09.407Z",
        "v_id": 3
    },
	{
        "Name": "Hemanth",
        "PhoneNo": 7823456178,
        "PhoneNumber": "7823456178",
        "adm_id": [
            3,
            4
        ],
        "c_number": 2,
        "createdAt": "2015-04-08T14:07:31.765Z",
        "d_id": 1,
        "drppnt_id": 2,
        "loginid": "19",
        "objectId": "0iNrCUpghN",
        "u_idno": 6,
        "updatedAt": "2015-04-26T05:43:49.472Z",
        "v_id": 1
    },
	{
        "Name": "Shivang",
        "PhoneNo": 7826534127,
        "PhoneNumber": "7826534127",
        "adm_id": [
            1,
            2,
            4
        ],
        "c_number": 1,
        "createdAt": "2015-04-08T14:10:20.945Z",
        "d_id": 5,
        "drppnt_id": 14,
        "loginid": "21",
        "objectId": "VA8TIxC9ss",
        "u_idno": 9,
        "updatedAt": "2015-04-26T05:53:25.777Z",
        "v_id": 5
    },
	{
        "Name": "Pratesh",
        "PhoneNo": 9672578100,
        "PhoneNumber": "9672578100",
        "adm_id": [
            1,
            2,
            4
        ],
        "c_number": 1,
        "createdAt": "2015-04-08T14:12:57.823Z",
        "d_id": 5,
        "drppnt_id": 25,
        "loginid": "25",
        "objectId": "iT1j1XoAni",
        "u_idno": 13,
        "updatedAt": "2015-04-26T05:53:41.243Z",
        "v_id": 5
    }
] }