{ "results": [
	{
        "RouteNum": 1,
        "createdAt": "2015-03-21T13:56:04.699Z",
        "latitude": 12.8407276,
        "login_id": "2",
        "longitude": 77.6446018,
        "objectId": "hrczaqwPcU",
        "updatedAt": "2015-04-26T06:21:36.004Z",
        "vehicleid": 4
    },
	{
        "RouteNum": 3,
        "createdAt": "2015-04-18T03:44:12.641Z",
        "latitude": 12.8407061,
        "login_id": "4",
        "longitude": 77.6444892,
        "objectId": "4I4Lryr8Ek",
        "updatedAt": "2015-04-26T06:21:38.354Z",
        "vehicleid": 5
    },
	{
        "RouteNum": 5,
        "createdAt": "2015-04-18T05:54:20.329Z",
        "latitude": 12.8407288,
        "login_id": "10",
        "longitude": 77.6445214,
        "objectId": "ks6kwzNfXG",
        "updatedAt": "2015-04-26T06:21:33.670Z",
        "vehicleid": 3
    },
	{
        "RouteNum": 2,
        "createdAt": "2015-04-18T05:54:17.876Z",
        "latitude": 12.8407163,
        "login_id": "11",
        "longitude": 77.6445007,
        "objectId": "rBgL45drRq",
        "updatedAt": "2015-04-26T06:21:30.445Z",
        "vehicleid": 2
    },
	{
        "RouteNum": 7,
        "createdAt": "2015-04-18T05:54:16.046Z",
        "latitude": 12.8407612,
        "login_id": "12",
        "longitude": 77.6445815,
        "objectId": "mJwMLShGqx",
        "updatedAt": "2015-04-26T06:21:28.032Z",
        "vehicleid": 1
    }
] }