{ "results": [
	{
        "Capacity": 7,
        "RouteNum": 7,
        "createdAt": "2015-03-14T17:33:49.448Z",
        "d_id": 1,
        "objectId": "OSXhDWgoIr",
        "reg_no": "KA01M5678",
        "u_ids": [
            1
        ],
        "updatedAt": "2015-04-15T18:29:24.968Z",
        "vehicle_id": 1,
        "vehicle_name": "TATA SUMO"
    },
	{
        "Capacity": 12,
        "RouteNum": 2,
        "createdAt": "2015-03-14T17:34:31.466Z",
        "d_id": 2,
        "objectId": "qYbf4aWTae",
        "reg_no": "KA04H1234",
        "u_ids": [
            2
        ],
        "updatedAt": "2015-04-15T18:29:26.322Z",
        "vehicle_id": 2,
        "vehicle_name": "FORCE TT"
    },
	{
        "Capacity": 7,
        "RouteNum": 5,
        "createdAt": "2015-03-14T19:46:04.077Z",
        "d_id": 3,
        "objectId": "Zh8FpGqJ7X",
        "reg_no": "KA05G1236",
        "u_ids": [
            3
        ],
        "updatedAt": "2015-04-15T19:59:26.119Z",
        "vehicle_id": 3,
        "vehicle_name": "XYLO"
    },
	{
        "Capacity": 9,
        "RouteNum": 3,
        "createdAt": "2015-04-08T19:10:45.812Z",
        "d_id": 5,
        "objectId": "9FtJUhrVOa",
        "reg_no": "KA05G1676",
        "u_ids": [
            5
        ],
        "updatedAt": "2015-04-15T20:00:51.549Z",
        "vehicle_id": 5,
        "vehicle_name": "BAJAJ"
    },
	{
        "Capacity": 14,
        "RouteNum": 1,
        "createdAt": "2015-04-08T19:10:48.130Z",
        "d_id": 4,
        "objectId": "V1LcHd1JcQ",
        "reg_no": "KA05G1212",
        "u_ids": [
            4
        ],
        "updatedAt": "2015-04-15T19:59:21.558Z",
        "vehicle_id": 4,
        "vehicle_name": "MAHINDRA"
    }
] }